DATE,AKPOP,ALPOP,ARPOP,AZPOP,CAPOP,COPOP,CTPOP,DCPOP,DEPOP,FLPOP,GAPOP,HIPOP,IAPOP,IDPOP,ILPOP,INPOP,KSPOP,KYPOP,LAPOP,MAPOP,MDPOP,MEPOP,MIPOP,MNPOP,MOPOP,MSPOP,MTPOP,NCPOP,NDPOP,NEPOP,NHPOP,NJPOP,NMPOP,NVPOP,NYPOP,OHPOP,OKPOP,ORPOP,PAPOP,RIPOP,SCPOP,SDPOP,TNPOP,TXPOP,UTPOP,VAPOP,VTPOP,WAPOP,WIPOP,WVPOP,WYPOP
1900-01-01,,1830.000,1314.000,124.000,1490.000,543.000,910.000,278.000,185.000,530.000,2220.000,,2231.000,163.000,4828.000,2518.000,1473.000,2148.000,1384.000,2788.000,1189.000,695.000,2423.000,1754.000,3108.000,1553.000,245.000,1897.000,321.000,1067.000,412.000,1884.000,196.000,43.000,7283.000,4161.000,800.000,415.000,6313.000,430.000,1342,403,2023,3055,277,1858,344,523,2072,959,93
1901-01-01,,1907.000,1341.000,131.000,1550.000,581.000,931.000,285.000,187.000,544.000,2263.000,,2227.000,176.000,4914.000,2541.000,1490.000,2162.000,1412.000,2794.000,1200.000,699.000,2450.000,1805.000,3128.000,1578.000,261.000,1926.000,346.000,1078.000,412.000,1889.000,206.000,45.000,7449.000,4216.000,916.000,434.000,6439.000,441.000,1361,418,2041,3132,284,1887,347,583,2109,972,100
1902-01-01,,1935.000,1360.000,138.000,1623.000,621.000,952.000,290.000,188.000,565.000,2305.000,,2222.000,199.000,4992.000,2567.000,1505.000,2177.000,1440.000,2856.000,1210.000,703.000,2477.000,1862.000,3147.000,1603.000,270.000,1956.000,371.000,1089.000,409.000,1917.000,218.000,49.000,7612.000,4322.000,1027.000,454.000,6567.000,450.000,1379,431,2060,3210,292,1894,349,651,2141,1000,105
1903-01-01,,1957.000,1384.000,144.000,1702.000,652.000,972.000,295.000,190.000,587.000,2346.000,,2217.000,216.000,5071.000,2594.000,1498.000,2191.000,1467.000,2924.000,1209.000,709.000,2505.000,1901.000,3166.000,1628.000,282.000,1986.000,396.000,1104.000,394.000,1969.000,229.000,52.000,7771.000,4386.000,1118.000,479.000,6699.000,460.000,1397,437,2082,3291,299,1890,350,719,2171,1037,108
1904-01-01,,1978.000,1419.000,151.000,1792.000,659.000,987.000,302.000,192.000,599.000,2387.000,,2212.000,229.000,5161.000,2614.000,1527.000,2205.000,1495.000,2969.000,1217.000,719.000,2534.000,1945.000,3185.000,1653.000,293.000,2017.000,421.000,1119.000,407.000,2050.000,242.000,56.000,7927.000,4458.000,1200.000,504.000,6833.000,471.000,1415,452,2086,3374,308,1889,353,782,2202,1064,111
1905-01-01,,2012.000,1447.000,158.000,1893.000,680.000,1010.000,308.000,194.000,615.000,2427.000,,2211.000,246.000,5241.000,2635.000,1555.000,2220.000,1523.000,3018.000,1237.000,723.000,2579.000,1981.000,3204.000,1678.000,305.000,2051.000,446.000,1129.000,423.000,2151.000,255.000,59.000,8084.000,4530.000,1277.000,530.000,6970.000,481.000,1433,461,2111,3459,316,1917,354,842,2231,1094,114
1906-01-01,,2045.000,1465.000,167.000,1976.000,707.000,1033.000,313.000,196.000,628.000,2466.000,,2214.000,262.000,5309.000,2663.000,1576.000,2234.000,1551.000,3107.000,1251.000,729.000,2626.000,1987.000,3223.000,1703.000,322.000,2077.000,474.000,1138.000,415.000,2239.000,269.000,64.000,8289.000,4587.000,1349.000,555.000,7110.000,492.000,1451,477,2136,3546,327,1942,355,904,2250,1122,118
1907-01-01,,2058.000,1484.000,176.000,2054.000,733.000,1057.000,317.000,197.000,645.000,2505.000,,2217.000,277.000,5384.000,2679.000,1612.000,2249.000,1579.000,3183.000,1257.000,731.000,2693.000,1995.000,3242.000,1728.000,332.000,2105.000,501.000,1149.000,423.000,2314.000,283.000,68.000,8499.000,4630.000,1414.000,580.000,7253.000,505.000,1468,498,2136,3636,339,1952,355,967,2268,1149,125
1908-01-01,,2070.000,1513.000,186.000,2161.000,757.000,1077.000,321.000,199.000,684.000,2543.000,,2220.000,291.000,5474.000,2677.000,1629.000,2263.000,1607.000,3251.000,1269.000,735.000,2722.000,2020.000,3260.000,1753.000,346.000,2142.000,528.000,1161.000,428.000,2403.000,298.000,73.000,8714.000,4677.000,1498.000,610.000,7398.000,519.000,1485,527,2164,3727,351,1994,354,1028,2292,1174,133
1909-01-01,,2108.000,1545.000,196.000,2282.000,775.000,1097.000,327.000,201.000,724.000,2580.000,,2223.000,311.000,5567.000,2678.000,1658.000,2278.000,1634.000,3316.000,1289.000,740.000,2771.000,2051.000,3279.000,1777.000,363.000,2174.000,555.000,1177.000,431.000,2487.000,314.000,78.000,8935.000,4701.000,1585.000,643.000,7546.000,532.000,1502,553,2177,3821,363,2038,356,1091,2317,1203,141
1910-01-01,,2150.000,1583.000,206.000,2406.000,804.000,1122.000,334.000,203.000,756.000,2618.000,,2228.000,329.000,5668.000,2713.000,1692.000,2299.000,1667.000,3365.000,1302.000,745.000,2832.000,2086.000,3301.000,1802.000,380.000,2221.000,580.000,1198.000,431.000,2550.000,329.000,82.000,9137.000,4786.000,1671.000,677.000,7706.000,545.000,1523,590,2191,3922,377,2071,357,1148,2345,1231,147
1911-01-01,,2185.000,1610.000,212.000,2534.000,821.000,1149.000,344.000,207.000,773.000,2644.000,,2249.000,343.000,5757.000,2751.000,1684.000,2324.000,1695.000,3383.000,1324.000,751.000,2916.000,2119.000,3317.000,1810.000,397.000,2276.000,584.000,1216.000,432.000,2610.000,334.000,81.000,9249.000,4821.000,1714.000,692.000,7850.000,556.000,1548,602,2197,4016,387,2092,358,1167,2369,1266,150
1912-01-01,,2217.000,1636.000,217.000,2668.000,832.000,1176.000,340.000,209.000,801.000,2676.000,,2279.000,359.000,5828.000,2785.000,1671.000,2347.000,1709.000,3440.000,1345.000,753.000,2997.000,2147.000,3344.000,1817.000,414.000,2313.000,603.000,1232.000,434.000,2670.000,338.000,81.000,9361.000,4893.000,1737.000,706.000,7986.000,567.000,1572,592,2218,4107,399,2122,359,1184,2407,1291,153
1913-01-01,,2279.000,1664.000,236.000,2811.000,835.000,1208.000,358.000,213.000,828.000,2733.000,,2305.000,371.000,5961.000,2824.000,1663.000,2374.000,1727.000,3534.000,1368.000,763.000,3101.000,2190.000,3409.000,1827.000,433.000,2362.000,609.000,1246.000,439.000,2729.000,344.000,82.000,9473.000,4997.000,1777.000,722.000,8139.000,578.000,1599,584,2257,4207,410,2176,361,1209,2438,1317,157
1914-01-01,,2336.000,1688.000,253.000,2934.000,846.000,1233.000,368.000,216.000,871.000,2776.000,,2338.000,384.000,6109.000,2857.000,1662.000,2395.000,1740.000,3636.000,1389.000,772.000,3183.000,2234.000,3467.000,1832.000,452.000,2421.000,620.000,1264.000,442.000,2789.000,348.000,83.000,9585.000,5109.000,1824.000,736.000,8276.000,589.000,1622,581,2289,4300,422,2241,362,1231,2490,1362,163
1915-01-01,,2345.000,1702.000,263.000,3008.000,868.000,1258.000,361.000,217.000,922.000,2810.000,,2366.000,394.000,6194.000,2873.000,1687.000,2401.000,1755.000,3705.000,1401.000,774.000,3263.000,2273.000,3492.000,1826.000,469.000,2473.000,641.000,1272.000,443.000,2850.000,351.000,82.000,9700.000,5251.000,1860.000,745.000,8362.000,597.000,1635,585,2294,4368,430,2294,360,1239,2535,1387,167
1916-01-01,,2359.000,1719.000,282.000,3071.000,892.000,1294.000,360.000,219.000,924.000,2856.000,,2376.000,405.000,6274.000,2897.000,1727.000,2411.000,1799.000,3726.000,1415.000,775.000,3353.000,2308.000,3527.000,1823.000,487.000,2513.000,652.000,1275.000,445.000,2918.000,354.000,82.000,9848.000,5366.000,1907.000,756.000,8463.000,598.000,1650,595,2304,4444,436,2316,360,1255,2562,1414,174
1917-01-01,,2361.000,1737.000,311.000,3171.000,910.000,1327.000,385.000,222.000,895.000,2885.000,,2382.000,413.000,6313.000,2910.000,1748.000,2421.000,1795.000,3738.000,1428.000,777.000,3451.000,2329.000,3470.000,1820.000,505.000,2546.000,661.000,1285.000,447.000,2976.000,361.000,81.000,9993.000,5510.000,1960.000,763.000,8578.000,606.000,1675,599,2331,4563,444,2313,372,1287,2587,1439,186
1918-01-01,,2343.000,1749.000,320.000,3262.000,906.000,1329.000,418.000,220.000,865.000,2941.000,,2351.000,405.000,6275.000,2880.000,1729.000,2425.000,1746.000,3695.000,1467.000,760.000,3499.000,2291.000,3325.000,1813.000,501.000,2522.000,636.000,1266.000,440.000,3043.000,382.000,77.000,9936.000,5547.000,1969.000,763.000,8524.000,604.000,1746,570,2288,4666,437,2359,352,1341,2597,1438,181
1919-01-01,,2337.000,1742.000,329.000,3339.000,938.000,1359.000,445.000,221.000,898.000,2870.000,,2379.000,424.000,6392.000,2906.000,1756.000,2413.000,1756.000,3785.000,1445.000,762.000,3591.000,2346.000,3371.000,1790.000,534.000,2535.000,648.000,1290.000,443.000,3136.000,362.000,77.000,10252.000,5683.000,2003.000,774.000,8643.000,603.000,1687,606,2305,4631,446,2318,352,1333,2600,1464,191
1920-01-01,,2359.000,1756.000,340.000,3554.000,937.000,1391.000,440.000,219.000,962.000,2926.000,,2400.000,433.000,6663.000,2947.000,1769.000,2421.000,1813.000,3882.000,1464.000,771.000,3723.000,2403.000,3404.000,1800.000,543.000,2588.000,646.000,1300.000,444.000,3198.000,363.000,78.000,10282.000,5799.000,2055.000,788.000,8740.000,613.000,1685,640,2329,4723,453,2347,353,1373,2679,1470,197
1921-01-01,,2402.000,1769.000,351.000,3795.000,961.000,1415.000,446.000,216.000,997.000,2965.000,,2407.000,435.000,6858.000,2976.000,1779.000,2436.000,1847.000,3951.000,1492.000,775.000,3872.000,2434.000,3429.000,1823.000,546.000,2651.000,646.000,1309.000,449.000,3297.000,370.000,80.000,10416.000,5921.000,2108.000,798.000,8900.000,629.000,1693,652,2369,4853,457,2395,355,1405,2722,1485,203
1922-01-01,,2434.000,1772.000,360.000,3991.000,965.000,1431.000,450.000,214.000,1044.000,2965.000,,2428.000,436.000,6958.000,2965.000,1799.000,2450.000,1871.000,4010.000,1509.000,778.000,3942.000,2451.000,3437.000,1836.000,543.000,2700.000,647.000,1312.000,451.000,3380.000,375.000,81.000,10589.000,6054.000,2140.000,814.000,8982.000,644.000,1692,660,2424,4955,467,2412,354,1415,2761,1498,208
1923-01-01,,2464.000,1784.000,371.000,4270.000,984.000,1455.000,453.000,215.000,1097.000,2954.000,,2425.000,436.000,7068.000,3042.000,1808.000,2480.000,1903.000,4057.000,1521.000,781.000,4063.000,2487.000,3454.000,1858.000,538.000,2761.000,648.000,1321.000,453.000,3472.000,382.000,82.000,10752.000,6183.000,2159.000,833.000,9148.000,656.000,1699,669,2463,5077,474,2423,354,1433,2803,1526,211
1924-01-01,,2501.000,1800.000,382.000,4541.000,1014.000,1481.000,456.000,219.000,1160.000,2920.000,,2420.000,434.000,7215.000,3086.000,1807.000,2531.000,1939.000,4102.000,1537.000,788.000,4214.000,2521.000,3508.000,1886.000,538.000,2830.000,642.000,1333.000,457.000,3573.000,390.000,84.000,10953.000,6319.000,2179.000,856.000,9383.000,669.000,1710,673,2502,5210,481,2426,355,1467,2833,1577,215
1925-01-01,,2534.000,1812.000,393.000,4730.000,1019.000,1506.000,461.000,222.000,1264.000,2883.000,,2427.000,436.000,7306.000,3119.000,1825.000,2520.000,1972.000,4154.000,1556.000,792.000,4331.000,2540.000,3526.000,1910.000,535.000,2895.000,643.000,1343.000,459.000,3664.000,396.000,85.000,11186.000,6434.000,2216.000,883.000,9478.000,680.000,1718,682,2531,5332,487,2423,355,1494,2863,1593,216
1926-01-01,,2567.000,1826.000,403.000,4929.000,1016.000,1531.000,469.000,225.000,1368.000,2869.000,,2432.000,441.000,7395.000,3148.000,1836.000,2545.000,2005.000,4194.000,1576.000,793.000,4451.000,2560.000,3556.000,1935.000,531.000,2959.000,651.000,1353.000,463.000,3758.000,403.000,87.000,11257.000,6504.000,2256.000,905.000,9594.000,681.000,1726,683,2553,5453,494,2419,356,1516,2892,1623,217
1927-01-01,,2609.000,1840.000,414.000,5147.000,1028.000,1557.000,476.000,229.000,1418.000,2891.000,,2441.000,447.000,7519.000,3191.000,1836.000,2551.000,2039.000,4223.000,1599.000,796.000,4589.000,2588.000,3576.000,1962.000,527.000,3027.000,657.000,1365.000,466.000,3891.000,410.000,88.000,11174.000,6577.000,2306.000,925.000,9745.000,677.000,1736,682,2608,5577,500,2433,357,1538,2916,1671,219
1928-01-01,,2640.000,1847.000,422.000,5344.000,1014.000,1577.000,479.000,233.000,1433.000,2903.000,,2450.000,449.000,7576.000,3212.000,1850.000,2567.000,2064.000,4217.000,1610.000,797.000,4665.000,2592.000,3601.000,1981.000,541.000,3082.000,665.000,1371.000,468.000,3968.000,416.000,89.000,11599.000,6608.000,2344.000,936.000,9802.000,678.000,1739,685,2624,5675,504,2435,358,1551,2923,1696,220
1929-01-01,,2644.000,1852.000,430.000,5531.000,1008.000,1594.000,483.000,236.000,1445.000,2903.000,,2460.000,447.000,7606.000,3226.000,1867.000,2606.000,2086.000,4229.000,1621.000,797.000,4795.000,2572.000,3622.000,1998.000,524.000,3133.000,674.000,1375.000,467.000,3989.000,420.000,90.000,12171.000,6626.000,2372.000,947.000,9723.000,684.000,1739,690,2604,5762,508,2425,359,1555,2934,1717,223
1930-01-01,,2647.000,1859.000,434.000,5711.000,1040.000,1613.000,488.000,239.000,1471.000,2910.000,,2475.000,447.000,7644.000,3242.000,1883.000,2623.000,2105.000,4250.000,1636.000,800.000,4834.000,2576.000,3646.000,2006.000,539.000,3167.000,682.000,1380.000,466.000,4068.000,427.000,92.000,12647.000,6662.000,2401.000,956.000,9649.000,686.000,1745,693,2619,5844,509,2427,360,1568,2950,1733,226
1931-01-01,,2649.000,1848.000,429.000,5824.000,1056.000,1628.000,504.000,242.000,1493.000,2924.000,,2482.000,454.000,7687.000,3257.000,1881.000,2652.000,2124.000,4248.000,1657.000,807.000,4798.000,2614.000,3711.000,1994.000,540.000,3184.000,680.000,1384.000,470.000,4120.000,436.000,94.000,12848.000,6694.000,2403.000,966.000,9707.000,681.000,1753,694,2657,5907,513,2445,359,1581,2990,1740,229
1932-01-01,,2653.000,1836.000,426.000,5894.000,1066.000,1637.000,513.000,245.000,1521.000,2935.000,,2489.000,459.000,7736.000,3281.000,1883.000,2676.000,2155.000,4259.000,1678.000,815.000,4780.000,2646.000,3746.000,2004.000,540.000,3227.000,676.000,1386.000,474.000,4120.000,441.000,96.000,13001.000,6717.000,2394.000,972.000,9764.000,677.000,1748,692,2711,5961,517,2452,358,1584,3021,1747,230
1933-01-01,,2661.000,1854.000,426.000,5963.000,1071.000,1642.000,529.000,248.000,1552.000,2950.000,,2495.000,464.000,7768.000,3304.000,1877.000,2698.000,2178.000,4282.000,1694.000,821.000,4780.000,2673.000,3773.000,2031.000,541.000,3268.000,674.000,1385.000,477.000,4107.000,449.000,96.000,13126.000,6740.000,2392.000,978.000,9784.000,675.000,1752,690,2747,6014,520,2460,357,1592,3040,1752,230
1934-01-01,,2685.000,1878.000,428.000,6060.000,1075.000,1650.000,568.000,250.000,1585.000,2964.000,,2510.000,473.000,7772.000,3319.000,1868.000,2722.000,2202.000,4305.000,1710.000,829.000,4798.000,2695.000,3784.000,2050.000,545.000,3304.000,672.000,1382.000,480.000,4089.000,461.000,98.000,13253.000,6751.000,2391.000,985.000,9795.000,675.000,1760,682,2784,6053,522,2485,357,1610,3054,1771,233
1935-01-01,,2719.000,1890.000,434.000,6175.000,1078.000,1666.000,608.000,252.000,1613.000,2955.000,,2524.000,481.000,7797.000,3332.000,1872.000,2748.000,2228.000,4343.000,1729.000,836.000,4838.000,2717.000,3798.000,2061.000,550.000,3323.000,670.000,1375.000,481.000,4085.000,475.000,100.000,13375.000,6787.000,2386.000,1001.000,9774.000,678.000,1769,674,2798,6123,526,2520,357,1629,3070,1794,237
1936-01-01,,2743.000,1892.000,443.000,6341.000,1090.000,1672.000,629.000,253.000,1651.000,2978.000,,2509.000,495.000,7840.000,3348.000,1869.000,2768.000,2246.000,4355.000,1745.000,840.000,4889.000,2734.000,3801.000,2072.000,554.000,3346.000,664.000,1358.000,481.000,4084.000,489.000,101.000,13481.000,6801.000,2365.000,1025.000,9767.000,686.000,1781,666,2791,6192,527,2552,357,1653,3082,1808,240
1937-01-01,,2762.000,1903.000,453.000,6528.000,1104.000,1678.000,616.000,254.000,1709.000,3037.000,,2498.000,507.000,7857.000,3374.000,1856.000,2784.000,2257.000,4358.000,1754.000,842.000,4968.000,2746.000,3794.000,2086.000,554.000,3385.000,655.000,1339.000,481.000,4088.000,503.000,103.000,13511.000,6809.000,2334.000,1048.000,9790.000,694.000,1802,656,2795,6250,529,2590,356,1681,3088,1813,243
1938-01-01,,2787.000,1928.000,466.000,6656.000,1112.000,1684.000,638.000,257.000,1771.000,3091.000,,2494.000,513.000,7866.000,3386.000,1842.000,2800.000,2285.000,4365.000,1766.000,843.000,5056.000,2753.000,3781.000,2127.000,552.000,3440.000,647.000,1326.000,485.000,4100.000,513.000,105.000,13512.000,6837.000,2324.000,1067.000,9952.000,694.000,1834,649,2821,6301,535,2638,356,1698,3098,1828,246
1939-01-01,,2814.000,1948.000,484.000,6785.000,1120.000,1696.000,658.000,263.000,1836.000,3120.000,,2520.000,521.000,7890.000,3403.000,1824.000,2825.000,2334.000,4347.000,1793.000,846.000,5156.000,2771.000,3783.000,2168.000,555.000,3514.000,644.000,1318.000,490.000,4129.000,523.000,107.000,13523.000,6886.000,2333.000,1081.000,9901.000,701.000,1872,645,2874,6360,543,2670,358,1715,3121,1868,248
1940-01-01,,2845.000,1955.000,499.000,6950.000,1130.000,1708.000,690.000,269.000,1915.000,3119.000,,2537.000,522.000,7905.000,3433.000,1788.000,2859.000,2370.000,4318.000,1839.000,849.000,5315.000,2790.000,3786.000,2176.000,558.000,3574.000,640.000,1316.000,492.000,4175.000,531.000,113.000,13456.000,6929.000,2325.000,1086.000,9896.000,719.000,1902,641,2935,6425,552,2720,363,1740,3143,1907,250
1941-01-01,,2902.000,1969.000,490.000,7237.000,1124.000,1746.000,764.000,275.000,2017.000,3179.000,,2491.000,501.000,7995.000,3483.000,1765.000,2824.000,2484.000,4389.000,1913.000,852.000,5472.000,2718.000,3811.000,2184.000,543.000,3589.000,615.000,1272.000,490.000,4254.000,506.000,120.000,13267.000,6958.000,2262.000,1071.000,9911.000,731.000,1962,613,2973,6585,551,2855,348,1789,3140,1885,247
1942-01-01,,2941.000,1977.000,524.000,7735.000,1113.000,1792.000,851.000,279.000,2151.000,3209.000,,2439.000,478.000,8057.000,3507.000,1760.000,2797.000,2546.000,4370.000,1998.000,839.000,5549.000,2662.000,3829.000,2210.000,518.000,3569.000,583.000,1239.000,481.000,4297.000,502.000,137.000,13002.000,6969.000,2215.000,1107.000,9704.000,748.000,2007,589,2939,6711,575,3038,343,1901,3053,1831,251
1943-01-01,,2902.000,1843.000,692.000,8506.000,1153.000,1792.000,900.000,282.000,2451.000,3245.000,,2334.000,500.000,7761.000,3449.000,1796.000,2693.000,2565.000,4257.000,2089.000,806.000,5405.000,2577.000,3705.000,2280.000,485.000,3654.000,546.000,1241.000,462.000,4226.000,534.000,151.000,12807.000,6868.000,2205.000,1221.000,9444.000,760.000,1967,587,2972,7012,631,3130,327,2027,3014,1741,247
1944-01-01,,2802.000,1768.000,610.000,8945.000,1137.000,1778.000,881.000,285.000,2420.000,3176.000,,2301.000,529.000,7719.000,3440.000,1779.000,2631.000,2508.000,4192.000,2118.000,801.000,5467.000,2526.000,3560.000,2167.000,469.000,3560.000,534.000,1216.000,456.000,4158.000,527.000,153.000,12628.000,6918.000,2043.000,1233.000,9214.000,795.000,1943,565,2868,6876,605,3248,314,2092,2980,1706,242
1945-01-01,,2775.000,1762.000,594.000,9344.000,1116.000,1769.000,876.000,286.000,2465.000,3119.000,,2308.000,507.000,7601.000,3427.000,1731.000,2597.000,2429.000,4201.000,2096.000,800.000,5475.000,2537.000,3516.000,2090.000,477.000,3533.000,546.000,1211.000,459.000,4108.000,537.000,149.000,12495.000,6916.000,2028.000,1250.000,9143.000,776.000,1934,579,2878,6826,591,3193,315,2206,2961,1708,239
1946-01-01,,2911.000,1797.000,616.000,9559.000,1203.000,1906.000,899.000,299.000,2440.000,3242.000,,2467.000,509.000,8155.000,3702.000,1805.000,2761.000,2556.000,4494.000,2214.000,832.000,5874.000,2734.000,3746.000,2064.000,514.000,3706.000,570.000,1256.000,494.000,4492.000,561.000,143.000,13398.000,7512.000,2128.000,1338.000,9866.000,770.000,1936,588,3074,7197,638,3212,342,2288,3167,1826,254
1947-01-01,,2942.000,1836.000,653.000,9832.000,1237.000,1967.000,888.000,305.000,2528.000,3272.000,,2509.000,522.000,8341.000,3779.000,1853.000,2803.000,2579.000,4580.000,2248.000,854.000,6076.000,2796.000,3845.000,2107.000,531.000,3769.000,578.000,1265.000,507.000,4618.000,582.000,149.000,13982.000,7705.000,2133.000,1361.000,10196.000,776.000,1992,601,3166,7388,636,3201,354,2211,3250,1883,258
1948-01-01,,2969.000,1825.000,690.000,10064.000,1263.000,2014.000,840.000,312.000,2578.000,3259.000,,2543.000,551.000,8552.000,3877.000,1892.000,2817.000,2596.000,4674.000,2271.000,878.000,6213.000,2868.000,3844.000,2076.000,542.000,3837.000,580.000,1265.000,520.000,4774.000,604.000,156.000,14497.000,7876.000,2089.000,1405.000,10287.000,787.000,1996,612,3216,7626,653,3207,359,2255,3314,1899,269
1949-01-01,,3000.000,1844.000,714.000,10337.000,1295.000,2032.000,807.000,316.000,2668.000,3325.000,,2578.000,570.000,8670.000,3958.000,1925.000,2849.000,2634.000,4741.000,2329.000,903.000,6332.000,2935.000,3882.000,2085.000,569.000,3911.000,597.000,1302.000,533.000,4889.000,644.000,157.000,14892.000,7973.000,2105.000,1431.000,10390.000,801.000,2029,631,3236,7623,671,3292,369,2294,3391,1930,277
1950-01-01,135.000,3058.000,1908.000,756.000,10677.000,1325.000,2016.000,806.000,321.000,2810.000,3458.000,498.000,2625.000,590.000,8738.000,3967.000,1916.000,2936.000,2697.000,4686.000,2355.000,917.000,6407.000,2997.000,3964.000,2176.000,593.000,4068.000,619.000,1327.000,532.000,4872.000,689.000,162.000,14865.000,7980.000,2229.000,1532.000,10507.000,786.000,2113,655,3315,7776,696,3315,379,2387,3438,2006,290
1951-01-01,158.000,3059.000,1901.000,785.000,11134.000,1326.000,2028.000,808.000,331.000,2980.000,3531.000,514.000,2617.000,589.000,8790.000,4096.000,1950.000,2941.000,2769.000,4654.000,2441.000,916.000,6497.000,3010.000,4015.000,2163.000,596.000,4120.000,604.000,1316.000,529.000,5006.000,717.000,168.000,14890.000,8061.000,2210.000,1556.000,10461.000,784.000,2167,655,3372,8111,706,3434,378,2424,3439,1984,291
1952-01-01,189.000,3068.000,1838.000,842.000,11635.000,1365.000,2081.000,805.000,341.000,3157.000,3584.000,517.000,2626.000,587.000,8956.000,4148.000,1977.000,2920.000,2842.000,4650.000,2500.000,915.000,6650.000,3030.000,3972.000,2152.000,602.000,4109.000,608.000,1311.000,535.000,5125.000,735.000,181.000,15192.000,8275.000,2219.000,1582.000,10503.000,802.000,2178,651,3352,8314,724,3504,375,2448,3469,1957,293
1953-01-01,205.000,3053.000,1780.000,894.000,12251.000,1431.000,2168.000,810.000,351.000,3310.000,3558.000,510.000,2629.000,596.000,9065.000,4182.000,1994.000,2903.000,2866.000,4806.000,2567.000,913.000,6822.000,3050.000,4020.000,2105.000,616.000,4120.000,609.000,1318.000,547.000,5229.000,756.000,195.000,15527.000,8591.000,2182.000,1601.000,10662.000,815.000,2181,648,3319,8336,739,3557,379,2466,3506,1929,290
1954-01-01,215.000,3014.000,1734.000,933.000,12746.000,1493.000,2249.000,791.000,368.000,3505.000,3602.000,505.000,2626.000,600.000,9252.000,4264.000,2042.000,2902.000,2883.000,4910.000,2685.000,927.000,7066.000,3113.000,4066.000,2064.000,624.000,4131.000,611.000,1340.000,554.000,5360.000,763.000,213.000,15814.000,8873.000,2209.000,1626.000,10817.000,816.000,2176,655,3359,8382,750,3555,377,2516,3608,1905,293
1955-01-01,222.000,3050.000,1725.000,987.000,13133.000,1546.000,2300.000,785.000,389.000,3747.000,3636.000,539.000,2679.000,618.000,9435.000,4363.000,2093.000,2910.000,2946.000,4882.000,2742.000,934.000,7285.000,3172.000,4134.000,2060.000,636.000,4242.000,615.000,1374.000,557.000,5502.000,785.000,237.000,15966.000,9017.000,2250.000,1659.000,10939.000,823.000,2200,663,3415,8660,783,3588,375,2604,3679,1880,307
1956-01-01,224.000,3071.000,1704.000,1053.000,13713.000,1625.000,2316.000,759.000,408.000,4047.000,3701.000,559.000,2703.000,628.000,9530.000,4458.000,2119.000,2898.000,3032.000,4891.000,2811.000,938.000,7467.000,3240.000,4163.000,2086.000,656.000,4309.000,613.000,1397.000,566.000,5615.000,806.000,250.000,16112.000,9207.000,2273.000,1698.000,10972.000,840.000,2229,670,3415,8830,809,3722,377,2668,3742,1857,312
1957-01-01,231.000,3109.000,1733.000,1125.000,14264.000,1664.000,2359.000,763.000,426.000,4372.000,3766.000,584.000,2716.000,642.000,9668.000,4529.000,2128.000,2928.000,3115.000,4929.000,2873.000,943.000,7569.000,3274.000,4189.000,2088.000,667.000,4368.000,612.000,1394.000,572.000,5737.000,847.000,260.000,16374.000,9410.000,2282.000,1712.000,10954.000,851.000,2274,666,3434,9070,826,3844,376,2724,3791,1843,314
1958-01-01,224.000,3163.000,1726.000,1193.000,14880.000,1667.000,2446.000,757.000,433.000,4630.000,3804.000,605.000,2708.000,646.000,9886.000,4583.000,2142.000,2961.000,3155.000,5010.000,2982.000,944.000,7667.000,3313.000,4186.000,2086.000,666.000,4376.000,606.000,1383.000,581.000,5890.000,886.000,269.000,16601.000,9599.000,2267.000,1718.000,11058.000,858.000,2304,656,3471,9252,845,3914,380,2773,3843,1845,315
1959-01-01,224.000,3204.000,1756.000,1261.000,15467.000,1710.000,2523.000,761.000,441.000,4808.000,3868.000,622.000,2729.000,657.000,9986.000,4613.000,2160.000,2999.000,3208.000,5117.000,3066.000,957.000,7767.000,3366.000,4258.000,2138.000,669.000,4458.000,618.000,1397.000,596.000,6015.000,919.000,279.000,16685.000,9671.000,2289.000,1746.000,11234.000,857.000,2348,667,3522,9405,870,3951,387,2821,3891,1855,320
1960-01-01,229.000,3274.000,1789.000,1321.000,15870.000,1769.000,2544.000,765.000,449.000,5004.000,3956.000,642.000,2756.000,671.000,10086.000,4674.000,2183.000,3041.000,3260.000,5160.000,3113.000,975.000,7834.000,3425.000,4326.000,2182.000,679.000,4573.000,634.000,1417.000,609.000,6103.000,954.000,291.000,16838.000,9734.000,2336.000,1772.000,11329.000,855.000,2392,683,3575,9624,900,3986,389,2855,3962,1853,331
1961-01-01,238.000,3316.000,1806.000,1407.000,16497.000,1844.000,2586.000,778.000,461.000,5243.000,4015.000,659.000,2756.000,684.000,10130.000,4730.000,2215.000,3054.000,3287.000,5219.000,3176.000,995.000,7893.000,3470.000,4349.000,2206.000,696.000,4663.000,641.000,1446.000,618.000,6265.000,965.000,315.000,17061.000,9854.000,2380.000,1787.000,11392.000,858.000,2409,693,3622,9820,936,4095,390,2882,4009,1828,337
1962-01-01,246.000,3323.000,1853.000,1471.000,17072.000,1899.000,2647.000,788.000,469.000,5458.000,4086.000,684.000,2750.000,692.000,10280.000,4736.000,2231.000,3079.000,3345.000,5263.000,3263.000,994.000,7933.000,3513.000,4357.000,2243.000,698.000,4707.000,637.000,1464.000,632.000,6376.000,979.000,352.000,17301.000,9929.000,2427.000,1818.000,11355.000,871.000,2423,705,3673,10053,958,4180,393,2942,4049,1809,333
1963-01-01,256.000,3358.000,1875.000,1521.000,17668.000,1936.000,2727.000,798.000,483.000,5628.000,4172.000,682.000,2747.000,683.000,10402.000,4799.000,2217.000,3096.000,3377.000,5344.000,3386.000,993.000,8058.000,3531.000,4392.000,2244.000,703.000,4742.000,644.000,1476.000,649.000,6531.000,989.000,397.000,17461.000,9986.000,2439.000,1853.000,11424.000,876.000,2460,708,3718,10159,974,4276,397,2955,4112,1796,336
1964-01-01,263.000,3395.000,1897.000,1556.000,18151.000,1970.000,2798.000,798.000,497.000,5781.000,4258.000,700.000,2746.000,680.000,10580.000,4856.000,2209.000,3129.000,3446.000,5448.000,3492.000,993.000,8187.000,3558.000,4442.000,2241.000,706.000,4802.000,649.000,1482.000,663.000,6660.000,1006.000,426.000,17589.000,10080.000,2446.000,1888.000,11519.000,885.000,2475,701,3771,10270,978,4357,399,2961,4165,1797,339
1965-01-01,271.000,3443.000,1894.000,1584.000,18585.000,1985.000,2857.000,797.000,507.000,5954.000,4332.000,704.000,2742.000,686.000,10693.000,4922.000,2206.000,3140.000,3496.000,5502.000,3600.000,997.000,8357.000,3592.000,4467.000,2246.000,706.000,4863.000,649.000,1471.000,676.000,6767.000,1012.000,444.000,17734.000,10201.000,2440.000,1937.000,11620.000,893.000,2494,692,3798,10378,994,4411,404,2967,4232,1786,332
1966-01-01,271.000,3464.000,1899.000,1614.000,18858.000,2007.000,2903.000,791.000,516.000,6104.000,4379.000,710.000,2762.000,689.000,10836.000,4999.000,2200.000,3147.000,3550.000,5535.000,3695.000,999.000,8512.000,3617.000,4523.000,2245.000,707.000,4896.000,647.000,1456.000,681.000,6851.000,1007.000,446.000,17843.000,10330.000,2454.000,1969.000,11664.000,899.000,2520,683,3822,10492,1009,4456,413,3057,4274,1775,323
1967-01-01,278.000,3458.000,1901.000,1646.000,19176.000,2053.000,2935.000,791.000,525.000,6242.000,4408.000,723.000,2793.000,688.000,10947.000,5053.000,2197.000,3172.000,3581.000,5594.000,3757.000,1004.000,8630.000,3659.000,4539.000,2228.000,701.000,4952.000,626.000,1457.000,697.000,6928.000,1000.000,449.000,17935.000,10414.000,2489.000,1979.000,11681.000,909.000,2533,671,3859,10599,1019,4508,423,3174,4303,1769,322
1968-01-01,285.000,3446.000,1902.000,1682.000,19394.000,2120.000,2964.000,778.000,534.000,6433.000,4482.000,734.000,2803.000,695.000,10995.000,5093.000,2216.000,3195.000,3603.000,5618.000,3815.000,994.000,8696.000,3703.000,4568.000,2219.000,700.000,5004.000,621.000,1467.000,709.000,7005.000,994.000,464.000,18051.000,10516.000,2503.000,2004.000,11741.000,922.000,2559,669,3878,10819,1029,4558,430,3270,4345,1763,324
1969-01-01,296.000,3440.000,1913.000,1737.000,19711.000,2166.000,3000.000,762.000,540.000,6641.000,4551.000,750.000,2805.000,707.000,11039.000,5143.000,2236.000,3198.000,3619.000,5650.000,3868.000,992.000,8781.000,3758.000,4640.000,2220.000,694.000,5031.000,621.000,1474.000,724.000,7095.000,1011.000,480.000,18105.000,10563.000,2535.000,2062.000,11741.000,932.000,2570,668,3897,11045,1047,4614,437,3343,4378,1746,329
1970-01-01,302.583,3444.354,1923.322,1775.399,19971.069,2209.596,3032.217,756.668,548.104,6791.418,4587.930,769.913,2825.368,713.015,11110.285,5195.392,2249.071,3220.711,3644.637,5689.170,3923.897,993.722,8881.826,3806.103,4677.623,2216.994,694.409,5084.411,617.792,1485.333,737.681,7171.112,1017.055,488.738,18241.391,10657.423,2559.463,2091.533,11800.766,949.723,2590.713,666.257,3926.018,11198.655,1059.273,4651.448,444.732,3413.244,4417.821,1744.237,332.416
1971-01-01,315.510,3497.076,1972.312,1895.814,20345.939,2303.524,3060.938,749.781,564.708,7158.304,4711.550,801.644,2851.705,738.753,11202.397,5253.396,2246.600,3298.053,3710.487,5737.580,4018.324,1015.390,8974.186,3853.486,4725.764,2265.432,710.814,5203.531,626.760,1504.604,761.851,7281.107,1053.737,520.018,18357.982,10734.818,2618.601,2151.022,11886.400,963.107,2662.269,671.297,4013.608,11509.848,1101.192,4750.838,454.318,3447.553,4462.155,1770.657,340.285
1972-01-01,324.464,3539.400,2018.638,2008.291,20585.469,2404.619,3068.699,742.241,572.913,7511.463,4809.490,828.331,2860.287,763.237,11251.948,5302.435,2256.375,3335.728,3761.646,5760.302,4073.499,1034.292,9028.944,3869.747,4758.780,2307.117,718.732,5301.150,631.119,1519.013,781.107,7335.042,1078.697,546.789,18339.400,10746.993,2658.646,2197.297,11908.233,974.790,2719.197,677.234,4094.611,11759.148,1135.449,4824.472,463.143,3447.885,4502.412,1797.648,347.345
1973-01-01,330.543,3579.780,2059.256,2124.438,20868.728,2495.868,3067.814,731.488,577.759,7913.696,4910.374,851.595,2863.715,782.074,11251.367,5338.277,2265.603,3371.024,3788.375,5781.172,4097.974,1045.655,9077.956,3889.332,4782.645,2349.546,726.798,5389.852,632.675,1529.567,800.951,7333.083,1105.529,568.991,18177.063,10767.314,2695.931,2241.932,11890.527,975.738,2776.605,678.715,4147.401,12019.543,1170.04,4901.292,468.43,3478.782,4524.244,1806.36,354.061
1974-01-01,341.063,3626.499,2101.403,2223.196,21173.865,2541.406,3074.047,717.947,581.418,8298.762,4999.419,867.978,2867.530,807.990,11262.145,5361.890,2269.499,3416.315,3820.109,5773.548,4118.815,1059.040,9117.507,3903.925,4795.930,2378.268,736.419,5470.911,634.559,1539.191,815.914,7332.411,1131.309,596.822,18049.775,10765.759,2734.768,2285.013,11870.884,950.615,2844.749,679.585,4213.509,12268.629,1200.471,4971.069,473.002,3549.946,4545.782,1815.447,365.501
1975-01-01,376.170,3678.814,2159.526,2284.847,21537.849,2586.192,3082.500,706.871,586.589,8518.422,5064.075,886.160,2880.847,831.982,11291.743,5365.766,2280.578,3467.769,3886.104,5757.756,4139.096,1071.995,9117.668,3932.515,4808.308,2399.449,748.208,5547.188,638.886,1543.117,828.555,7337.765,1159.944,619.972,18003.485,10770.425,2774.683,2329.661,11906.095,942.788,2902.028,681.042,4275.566,12568.843,1236.03,5047.395,479.713,3621.339,4578.986,1842.25,381.695
1976-01-01,400.969,3735.139,2170.161,2346.157,21935.909,2632.306,3083.335,692.295,590.166,8667.379,5132.812,904.191,2903.082,856.983,11342.853,5389.088,2301.001,3529.257,3950.605,5743.672,4150.539,1088.412,9129.205,3964.680,4839.029,2429.756,757.317,5607.964,645.797,1550.911,845.248,7339.745,1189.295,646.975,17940.541,10752.662,2826.815,2378.262,11897.378,946.089,2943.657,686.39,4346.928,12904.089,1274.928,5121.863,484.928,3693.61,4595.904,1879.503,396.952
1977-01-01,403.436,3780.403,2209.010,2425.197,22352.396,2696.140,3085.722,677.228,591.829,8856.183,5219.697,918.259,2913.573,883.469,11386.316,5425.638,2320.647,3573.693,4014.459,5738.199,4169.595,1103.578,9171.110,3989.364,4863.173,2459.201,769.953,5685.607,649.769,1556.842,869.763,7337.169,1215.720,678.333,17812.602,10771.394,2870.014,2446.673,11893.591,950.230,2991.681,688.48,4422.921,13193.05,1319.512,5193.112,491.931,3776.05,4626.514,1908.088,413.354
1978-01-01,404.766,3831.836,2243.127,2515.316,22835.958,2766.748,3091.627,665.052,594.776,9102.032,5295.751,931.584,2918.069,910.690,11412.561,5470.214,2335.657,3609.976,4068.579,5736.469,4183.603,1113.566,9217.761,4015.341,4889.399,2487.816,782.317,5759.492,651.301,1563.884,891.520,7350.804,1238.034,719.436,17680.589,10795.581,2917.336,2518.298,11879.396,951.816,3044.364,688.58,4486.314,13500.429,1367.51,5270.24,498.109,3889.073,4646.108,1923.395,432.88
1979-01-01,402.753,3866.248,2271.333,2635.571,23256.880,2849.234,3095.917,650.016,594.984,9426.159,5401.384,953.306,2915.739,932.627,11396.837,5501.174,2350.906,3641.804,4137.665,5738.404,4191.160,1122.563,9266.268,4050.316,4912.430,2507.069,787.305,5823.491,652.896,1567.344,909.074,7366.512,1284.722,765.367,17583.838,10798.298,2975.310,2588.012,11887.975,950.382,3090.267,688.335,4560.473,13888.371,1420.238,5307.945,505.372,4017.632,4682.811,1942.146,454.378
1980-01-01,405.315,3900.368,2288.738,2737.774,23800.800,2908.803,3113.174,638.284,594.919,9839.835,5486.174,967.710,2914.018,947.983,11434.702,5490.721,2369.039,3664.221,4223.101,5746.075,4227.643,1126.860,9255.553,4085.017,4921.966,2525.342,788.752,5898.980,654.380,1572.296,924.250,7376.330,1309.400,810.215,17566.754,10800.650,3040.758,2641.218,11868.305,948.773,3134.502,690.851,4600.252,14338.208,1472.595,5368.334,512.524,4154.678,4712.045,1951.349,474.185
1981-01-01,418.491,3918.531,2293.201,2810.107,24285.933,2977.898,3128.836,636.893,595.975,10192.774,5568.345,978.195,2907.983,962.204,11443.458,5480.435,2384.849,3670.394,4283.303,5768.685,4261.905,1133.033,9209.287,4111.728,4932.064,2539.036,795.328,5956.653,659.505,1578.515,936.621,7407.472,1332.748,847.655,17567.734,10788.330,3096.164,2667.982,11858.567,953.013,3179.255,689.584,4627.658,14746.318,1515.471,5444.097,515.594,4235.731,4726.343,1954.124,491.712
1982-01-01,449.606,3925.266,2294.257,2889.861,24820.009,3061.564,3139.013,634.174,599.148,10471.407,5649.792,993.780,2888.189,973.721,11423.412,5467.922,2401.202,3683.445,4352.608,5771.222,4282.923,1136.684,9115.198,4131.450,4929.451,2556.777,803.986,6019.101,668.972,1581.780,947.719,7430.968,1363.823,881.537,17589.738,10757.087,3206.123,2664.922,11845.146,954.170,3207.614,690.597,4646.041,15331.415,1558.314,5492.783,519.109,4276.552,4728.87,1949.604,506.4
1983-01-01,488.417,3934.102,2305.761,2968.925,25360.026,3133.630,3162.354,632.433,605.458,10749.851,5728.250,1012.717,2870.543,981.869,11408.818,5450.395,2415.531,3694.484,4395.316,5799.407,4313.327,1144.772,9047.754,4141.456,4943.733,2567.717,814.031,6077.056,676.688,1584.293,958.134,7467.785,1394.361,901.977,17686.905,10737.632,3290.402,2653.066,11837.723,956.382,3234.066,693.008,4659.749,15751.676,1594.943,5564.657,523.302,4300.266,4721.438,1945.061,510.345
1984-01-01,513.702,3951.820,2319.768,3067.135,25844.393,3169.992,3180.014,633.382,611.565,11039.925,5834.954,1027.922,2858.618,990.839,11412.132,5458.322,2424.086,3695.453,4400.477,5840.773,4365.243,1155.635,9049.452,4157.706,4975.278,2578.051,820.905,6164.006,680.497,1588.639,976.864,7515.473,1416.717,924.922,17745.684,10737.746,3285.533,2666.588,11815.172,961.894,3271.868,697.249,4686.737,16007.086,1622.342,5643.87,526.66,4343.656,4735.563,1927.697,504.896
1985-01-01,532.495,3972.523,2327.046,3183.538,26441.109,3208.723,3201.131,634.549,618.280,11351.118,5962.661,1039.698,2829.684,994.051,11399.806,5459.211,2427.405,3694.826,4408.118,5880.733,4413.071,1162.936,9076.293,4184.302,5000.268,2588.102,822.320,6253.954,676.980,1584.664,996.753,7565.528,1438.361,951.030,17791.672,10734.926,3271.332,2672.652,11770.862,968.955,3303.209,698.402,4715.296,16272.734,1642.91,5715.153,530.035,4400.098,4747.767,1906.831,499.695
1986-01-01,544.268,3991.569,2331.984,3308.262,27102.237,3237.450,3223.740,638.269,627.559,11667.505,6084.666,1051.762,2791.970,990.224,11387.257,5454.108,2432.619,3687.809,4406.919,5902.678,4486.957,1170.126,9127.775,4205.212,5023.068,2593.597,813.739,6321.578,669.512,1574.333,1025.053,7622.159,1462.729,980.613,17833.419,10730.268,3252.735,2683.528,11782.752,977.341,3342.758,696.034,4738.708,16561.113,1662.834,5811.7,534.066,4452.72,4755.618,1882.35,495.633
1987-01-01,539.309,4015.264,2342.355,3437.103,27777.158,3260.480,3247.291,636.930,636.947,11997.283,6208.467,1067.918,2767.011,984.997,11391.178,5473.012,2445.367,3683.329,4344.148,5935.204,4565.557,1184.574,9187.481,4235.136,5056.696,2588.545,805.063,6403.700,661.136,1566.547,1054.289,7670.742,1478.520,1023.376,17868.848,10760.090,3210.122,2700.991,11810.866,989.604,3380.506,696.036,4782.927,16621.791,1678.119,5932.268,540.267,4531.901,4777.919,1857.585,476.965
1988-01-01,541.983,4023.844,2342.656,3535.183,28464.249,3262.281,3271.953,630.432,647.622,12306.395,6316.142,1079.828,2768.388,985.664,11390.183,5491.735,2461.996,3679.999,4288.863,5979.982,4657.904,1203.840,9217.998,4296.166,5081.736,2580.352,800.202,6480.594,655.331,1571.477,1082.577,7712.333,1490.337,1075.022,17941.309,10798.552,3167.057,2741.297,11845.752,996.408,3412.096,698.165,4822.437,16667.022,1689.372,6036.909,549.763,4639.893,4822.388,1830.215,465.101
1989-01-01,547.159,4030.222,2346.358,3622.185,29218.164,3275.818,3283.403,624.168,658.273,12637.715,6411.099,1094.588,2770.592,994.416,11409.782,5523.693,2472.849,3677.306,4252.894,6015.478,4727.301,1219.961,9253.295,4338.057,5095.830,2574.269,799.636,6565.459,646.351,1574.864,1104.522,7726.089,1503.901,1137.382,17983.086,10829.217,3150.307,2790.575,11865.996,1000.666,3456.775,696.701,4854.444,16806.735,1705.864,6120.246,557.707,4746.316,4856.574,1806.568,458.374
1990-01-01,553.120,4048.508,2354.343,3679.056,29950.111,3303.862,3289.056,603.814,669.063,13018.365,6506.531,1112.703,2779.769,1011.882,11446.979,5555.097,2480.683,3692.584,4219.179,6018.664,4797.431,1231.296,9310.462,4387.283,5126.370,2577.426,799.824,6656.987,637.364,1580.664,1111.831,7757.158,1519.933,1218.629,18002.855,10861.837,3147.105,2858.547,11895.604,1004.649,3499.064,696.667,4890.626,17044.714,1729.722,6213.526,564.526,4900.78,4902.265,1792.481,453.401
1991-01-01,569.273,4091.025,2370.666,3762.394,30414.114,3367.567,3288.640,593.239,680.495,13289.497,6621.279,1131.412,2791.227,1038.915,11535.973,5602.062,2495.209,3714.686,4240.950,5998.652,4856.176,1235.439,9395.022,4427.429,5157.770,2591.230,807.837,6748.135,634.199,1590.805,1107.055,7784.269,1547.115,1285.046,18029.532,10933.683,3166.471,2918.745,11943.160,1003.990,3559.47,701.445,4946.886,17339.904,1771.941,6283.853,567.141,5013.443,4952.675,1798.212,457.739
1992-01-01,587.073,4139.269,2394.098,3867.333,30875.920,3459.995,3274.997,584.183,690.158,13504.775,6759.474,1149.926,2806.923,1066.490,11635.197,5648.649,2526.042,3756.358,4270.849,5993.474,4902.545,1235.748,9470.323,4471.503,5193.686,2610.193,822.436,6831.850,635.427,1602.406,1112.766,7827.770,1580.750,1330.694,18082.032,11007.609,3204.174,2973.934,11980.819,1000.571,3600.576,708.698,5013.999,17650.479,1821.498,6383.315,570.115,5139.011,5004.636,1805.462,463.491
1993-01-01,596.993,4193.114,2423.743,3993.390,31147.208,3560.884,3272.325,576.358,699.475,13713.593,6894.092,1161.508,2820.525,1101.204,11725.984,5701.965,2547.605,3792.288,4284.749,6010.884,4942.504,1238.256,9529.240,4521.709,5237.757,2635.574,839.876,6947.412,637.229,1612.149,1122.191,7874.891,1614.937,1380.197,18140.894,11070.385,3228.829,3034.490,12022.128,997.852,3634.507,716.258,5085.666,17996.764,1875.993,6464.795,574.004,5247.704,5055.318,1816.179,469.033
1994-01-01,600.624,4232.965,2450.605,4147.561,31317.179,3653.910,3268.346,564.982,708.416,13961.798,7045.900,1173.903,2829.422,1135.459,11804.986,5745.626,2569.118,3823.215,4306.500,6031.352,4985.411,1237.687,9584.481,4566.028,5281.206,2663.450,854.923,7060.959,639.762,1621.551,1133.054,7918.796,1653.329,1456.388,18156.652,11111.451,3246.119,3087.142,12042.545,993.412,3666.456,723.038,5163.016,18338.319,1930.436,6536.771,578.9,5334.896,5095.504,1818.49,474.982
1995-01-01,601.345,4262.731,2480.121,4306.908,31493.525,3738.061,3265.293,551.273,718.265,14185.403,7188.538,1180.490,2840.860,1165.000,11884.935,5791.819,2586.942,3855.248,4327.978,6062.335,5023.650,1237.438,9659.871,4605.445,5324.610,2690.788,868.522,7185.403,641.548,1635.142,1145.604,7965.523,1682.417,1525.777,18150.928,11155.493,3265.547,3141.421,12044.780,989.203,3699.943,728.251,5241.168,18679.706,1976.774,6601.392,582.827,5431.024,5137.004,1820.56,478.447
1996-01-01,604.918,4290.403,2504.858,4432.308,31780.829,3812.716,3267.030,538.273,727.090,14426.911,7332.225,1184.434,2848.473,1187.706,11953.003,5834.908,2598.266,3881.051,4338.763,6085.393,5057.142,1241.436,9739.184,4647.723,5367.888,2709.925,876.656,7307.658,642.858,1647.657,1160.768,8009.624,1706.151,1596.476,18143.805,11187.032,3289.634,3195.087,12038.008,987.858,3738.974,730.699,5313.576,19006.24,2022.253,6665.491,586.352,5509.963,5173.828,1818.983,480.085
1997-01-01,608.846,4320.281,2524.007,4552.207,32217.708,3891.293,3268.514,528.752,735.024,14683.350,7486.094,1189.322,2854.396,1210.638,12011.509,5872.370,2616.339,3907.816,4351.390,6115.476,5092.914,1245.215,9785.450,4687.726,5407.113,2731.826,878.706,7428.672,640.945,1656.042,1173.239,8054.178,1722.939,1675.581,18143.184,11212.498,3314.259,3243.254,12015.888,986.966,3790.066,730.855,5378.433,19355.427,2065.397,6732.878,588.665,5604.105,5200.235,1815.588,480.031
1998-01-01,615.205,4351.037,2538.202,4667.277,32682.794,3968.967,3272.563,521.426,744.066,14908.230,7636.522,1190.472,2861.025,1230.923,12069.774,5907.617,2638.667,3934.310,4362.758,6144.407,5130.072,1247.554,9820.231,4726.411,5437.562,2751.335,879.533,7545.828,637.808,1660.772,1185.823,8095.542,1733.535,1743.772,18159.175,11237.752,3339.478,3282.055,12002.329,987.704,3839.578,730.789,5432.679,19712.389,2100.562,6789.225,590.579,5687.832,5222.124,1811.688,480.045
1999-01-01,619.500,4369.862,2551.373,4778.332,33145.121,4056.133,3282.031,519.000,753.538,15111.244,7788.240,1185.497,2869.413,1251.700,12128.370,5942.901,2654.052,3960.825,4372.035,6175.169,5171.634,1253.040,9863.775,4775.508,5468.338,2768.619,882.779,7650.789,633.666,1666.028,1201.134,8143.412,1739.844,1809.253,18196.601,11256.654,3358.044,3316.154,11994.016,990.819,3885.736,733.133,5483.535,20044.141,2129.836,6872.912,593.74,5756.361,5250.446,1806.928,479.602
2000-01-01,627.963,4452.173,2678.588,5160.586,33987.977,4326.921,3411.777,572.046,786.373,16047.515,8227.303,1213.519,2929.067,1299.430,12434.161,6091.866,2693.681,4049.021,4471.885,6361.104,5311.034,1277.072,9952.450,4933.692,5607.285,2848.353,903.773,8081.614,642.023,1713.820,1239.882,8430.621,1821.204,2018.741,19001.780,11363.543,3454.365,3429.708,12284.173,1050.268,4024.223,755.844,5703.719,20944.499,2244.502,7105.817,609.618,5910.512,5373.999,1807.021,494.3
2001-01-01,633.714,4467.634,2691.571,5273.477,34479.458,4425.687,3432.835,574.504,795.699,16356.966,8377.038,1225.948,2931.997,1319.962,12488.445,6127.760,2702.162,4068.132,4477.875,6397.634,5374.691,1285.692,9991.120,4982.796,5641.142,2852.994,906.961,8210.122,639.062,1719.836,1255.517,8492.671,1831.690,2098.399,19082.838,11387.404,3467.100,3467.937,12298.970,1057.142,4064.995,757.972,5750.789,21319.622,2283.715,7198.362,612.223,5985.722,5406.835,1801.481,494.657
2002-01-01,642.337,4480.089,2705.927,5396.255,34871.843,4490.406,3458.749,573.158,806.169,16689.370,8508.256,1239.613,2934.234,1340.372,12525.556,6155.967,2713.535,4089.875,4497.267,6417.206,5440.389,1295.960,10015.710,5018.935,5674.825,2858.681,911.667,8326.201,638.168,1728.292,1269.089,8552.643,1855.309,2173.791,19137.800,11407.889,3489.080,3513.424,12331.031,1065.995,4107.795,760.02,5795.918,21690.325,2324.815,7286.873,615.442,6052.349,5445.162,1805.414,500.017
2003-01-01,648.414,4503.491,2724.816,5510.364,35253.159,4528.732,3484.336,568.502,818.003,17004.085,8622.793,1251.154,2941.999,1363.380,12556.006,6196.638,2723.004,4117.170,4521.042,6422.565,5496.269,1306.513,10041.152,5053.572,5709.403,2868.312,919.630,8422.501,638.817,1738.643,1279.840,8601.402,1877.574,2248.850,19175.939,11434.788,3504.892,3547.376,12374.658,1071.342,4150.297,763.729,5847.812,22030.931,2360.137,7366.977,617.858,6104.115,5479.203,1812.295,503.453
2004-01-01,659.286,4530.729,2749.686,5652.404,35574.576,4575.013,3496.094,567.754,830.803,17415.318,8769.252,1273.569,2953.635,1391.802,12589.773,6233.007,2734.373,4146.101,4552.238,6412.281,5546.935,1313.688,10055.315,5087.713,5747.741,2889.010,930.009,8553.152,644.705,1749.370,1290.121,8634.561,1903.808,2346.222,19171.567,11452.251,3525.233,3569.463,12410.722,1074.579,4210.921,770.396,5910.809,22394.023,2401.58,7475.575,619.92,6178.645,5514.026,1816.438,509.106
2005-01-01,666.946,4569.805,2781.097,5839.077,35827.943,4631.888,3506.956,567.136,845.150,17842.038,8925.922,1292.729,2964.454,1428.241,12609.903,6278.616,2745.299,4182.742,4576.628,6403.290,5592.379,1318.787,10051.137,5119.598,5790.300,2905.943,940.102,8705.407,646.089,1761.497,1298.492,8651.974,1932.274,2432.143,19132.610,11463.320,3548.597,3613.202,12449.990,1067.916,4270.15,775.493,5991.057,22778.123,2457.719,7577.105,621.215,6257.305,5546.166,1820.492,514.157
2006-01-01,675.302,4628.981,2821.761,6029.141,36021.202,4720.423,3517.460,570.681,859.268,18166.990,9155.813,1309.731,2982.644,1468.669,12643.955,6332.669,2762.931,4219.239,4302.665,6410.084,5627.367,1323.619,10036.081,5163.555,5842.704,2904.978,952.692,8917.270,649.422,1772.693,1308.389,8661.679,1962.137,2522.658,19104.631,11481.213,3594.090,3670.883,12510.809,1063.096,4357.847,783.033,6088.766,23359.58,2525.507,7673.725,622.892,6370.753,5577.655,1827.912,522.667
2007-01-01,680.300,4672.840,2848.650,6167.681,36250.311,4803.868,3527.270,574.404,871.749,18367.842,9349.988,1315.675,2999.212,1505.105,12695.866,6379.599,2783.785,4256.672,4375.581,6431.559,5653.408,1327.040,10001.284,5207.203,5887.612,2928.350,964.706,9118.037,652.822,1783.440,1312.540,8677.885,1990.070,2601.072,19132.335,11500.468,3634.349,3722.417,12563.937,1057.315,4444.11,791.623,6175.727,23831.983,2597.746,7751,623.481,6461.587,5610.775,1834.052,534.876
2008-01-01,687.455,4718.206,2874.554,6280.362,36604.337,4889.730,3545.579,580.236,883.874,18527.305,9504.843,1332.213,3016.734,1534.320,12747.038,6424.806,2808.076,4289.878,4435.586,6468.967,5684.965,1330.509,9946.889,5247.018,5923.916,2947.806,976.415,9309.449,657.569,1796.378,1315.906,8711.090,2010.662,2653.630,19212.436,11515.391,3668.976,3768.748,12612.285,1055.003,4528.996,799.124,6247.411,24309.039,2663.029,7833.496,624.151,6562.231,5640.996,1840.31,546.043
2009-01-01,698.895,4757.938,2896.843,6343.154,36961.229,4972.195,3561.807,592.228,891.730,18652.644,9620.846,1346.717,3032.870,1554.439,12796.778,6459.325,2832.704,4317.074,4491.648,6517.613,5730.388,1329.590,9901.591,5281.203,5961.088,2958.774,983.982,9449.566,664.968,1812.683,1316.102,8755.602,2036.802,2684.665,19307.066,11528.896,3717.572,3808.600,12666.858,1053.646,4589.872,807.067,6306.019,24801.761,2723.421,7925.937,624.817,6667.426,5669.264,1847.775,559.851
2010-01-01,713.910,4785.437,2921.964,6407.172,37319.502,5047.349,3579.114,605.226,899.593,18845.537,9711.881,1363.963,3050.745,1570.746,12840.503,6490.432,2858.190,4348.181,4544.532,6566.307,5788.645,1327.629,9877.510,5310.828,5995.974,2970.548,990.697,9574.323,674.715,1829.542,1316.762,8799.446,2064.552,2702.405,19399.878,11539.336,3759.944,3837.491,12711.160,1053.959,4635.649,816.166,6355.311,25241.971,2775.332,8023.699,625.879,6742.83,5690.475,1854.239,564.487
2011-01-01,722.128,4799.069,2940.667,6472.643,37638.369,5121.108,3588.283,619.800,907.381,19053.237,9802.431,1379.329,3066.336,1583.910,12867.454,6516.528,2869.225,4369.821,4575.625,6613.583,5839.419,1328.284,9882.412,5346.143,6010.275,2978.731,997.316,9657.592,685.225,1840.672,1320.202,8828.117,2080.450,2712.730,19499.241,11544.663,3788.379,3872.036,12745.815,1053.649,4671.994,823.579,6399.291,25645.629,2814.384,8101.155,627.049,6826.627,5705.288,1856.301,567.299
2012-01-01,730.443,4815.588,2952.164,6554.978,37948.800,5192.647,3594.547,634.924,915.179,19297.822,9901.430,1394.804,3076.190,1595.324,12882.510,6537.703,2885.257,4386.346,4600.972,6663.005,5886.992,1327.729,9897.145,5376.643,6024.367,2983.816,1003.783,9749.476,701.176,1853.303,1324.232,8844.942,2087.309,2743.996,19572.932,11548.923,3818.814,3899.001,12767.118,1054.621,4717.354,833.566,6453.898,26084.481,2853.375,8185.08,626.09,6897.058,5719.96,1856.872,576.305
2013-01-01,737.068,4830.081,2959.400,6632.764,38260.787,5269.035,3594.841,650.581,923.576,19545.621,9972.479,1408.243,3092.997,1611.206,12895.129,6568.713,2893.212,4404.659,4624.527,6713.315,5923.188,1328.009,9913.065,5413.479,6040.715,2988.711,1013.569,9843.336,722.036,1865.279,1326.622,8856.972,2092.273,2775.970,19624.447,11576.684,3853.214,3922.468,12776.309,1055.081,4764.08,842.316,6494.34,26480.266,2897.64,8252.427,626.21,6963.985,5736.754,1853.914,582.122
2014-01-01,736.283,4841.799,2967.392,6730.413,38596.972,5350.101,3594.524,662.328,932.487,19845.911,10067.278,1414.538,3109.350,1631.112,12884.493,6593.644,2900.475,4414.349,4644.013,6762.596,5957.283,1330.513,9929.848,5451.079,6056.202,2990.468,1021.869,9932.887,737.401,1879.321,1333.341,8864.525,2089.568,2817.628,19651.049,11602.700,3878.187,3963.244,12788.313,1055.936,4823.617,849.129,6541.223,26964.333,2936.879,8310.993,625.214,7054.655,5751.525,1849.489,582.531
2015-01-01,737.498,4852.347,2978.048,6829.676,38918.045,5450.623,3587.122,675.400,941.252,20209.042,10178.447,1422.052,3120.960,1651.059,12858.913,6608.422,2909.011,4425.976,4664.628,6794.228,5985.562,1328.262,9931.715,5482.032,6071.732,2988.471,1030.475,10031.646,754.066,1891.277,1336.350,8867.949,2089.291,2866.939,19654.666,11617.527,3909.500,4015.792,12784.826,1056.065,4891.938,853.988,6591.17,27470.056,2981.835,8361.808,625.216,7163.657,5760.94,1842.05,585.613
2016-01-01,741.456,4863.525,2989.918,6941.072,39167.117,5539.215,3578.141,685.815,948.921,20613.477,10301.890,1427.559,3131.371,1682.380,12820.527,6634.304,2910.844,4438.182,4678.135,6823.608,6003.323,1331.317,9950.571,5522.744,6087.135,2987.938,1040.859,10154.788,754.434,1905.616,1342.307,8870.827,2091.630,2917.563,19633.428,11634.370,3926.331,4089.976,12782.275,1056.770,4957.968,862.996,6646.01,27914.41,3041.868,8410.106,623.657,7294.771,5772.628,1831.023,584.215
2017-01-01,739.700,4874.486,3001.345,7044.008,39358.497,5611.885,3573.297,694.906,956.823,20963.613,10410.330,1424.393,3141.550,1717.715,12778.828,6658.078,2908.718,4452.268,4670.560,6859.789,6023.868,1334.612,9973.114,5566.230,6106.670,2988.510,1052.482,10268.233,754.942,1915.947,1348.787,8885.525,2091.784,2969.905,19589.572,11659.650,3931.316,4143.625,12787.641,1055.673,5021.268,872.868,6708.799,28295.273,3101.042,8463.587,624.344,7423.362,5790.186,1817.004,578.931
2018-01-01,735.139,4887.681,3009.733,7158.024,39461.588,5691.287,3571.520,701.547,965.479,21244.317,10511.131,1420.593,3148.618,1750.536,12723.071,6695.497,2911.359,4461.153,4659.690,6882.635,6035.802,1339.057,9984.072,5606.249,6121.623,2981.020,1060.665,10381.615,758.080,1925.614,1353.465,8886.025,2092.741,3027.341,19530.351,11676.341,3940.235,4181.886,12800.922,1058.287,5084.156,878.698,6771.631,28628.666,3153.55,8501.286,624.358,7523.869,5807.406,1804.291,577.601
2019-01-01,731.545,4903.185,3017.804,7278.717,39512.223,5758.736,3565.287,705.749,973.764,21477.737,10617.423,1415.872,3155.070,1787.065,12671.821,6732.219,2913.314,4467.673,4648.794,6892.503,6045.680,1344.212,9986.857,5639.632,6137.428,2976.149,1068.778,10488.084,762.062,1934.408,1359.711,8882.190,2096.829,3080.156,19453.561,11689.100,3956.971,4217.737,12801.989,1059.361,5148.714,884.659,6829.174,28995.881,3205.958,8535.519,623.989,7614.893,5822.434,1792.147,578.759